BLDGID,Area,Cool_Elec,Heat_Elec,IN_light_Elec,OUT_light_Elec,HVAC_Intensity,Light_Intensity,Heat_rejection,HVAC_Elec_Intensity,HVAC_Ngas_Intensity,Total_Elec,Total_Elec_Intensity,Heat_NatG,Total_NatG,Total_NatG_Intensity
1,285.41,10.22,78.4,26.59,106.87,320.6,467.63,0,320.6,158.13,259.35,908.69,4.86,45.13,158.13
10,282.49,12.66,167.71,26.32,106.87,663.98,471.5,0,663.98,143.45,354.79,1255.94,0.25,40.52,143.45
100,42305.17,509.59,0,4026.64,2604.58,28.3,156.75,121.61,28.3,245.04,13343.06,315.4,10279.04,10366.43,245.04
101,9876.54,147.8,0,940.06,2604.58,35.57,358.9,63.66,35.57,371.21,5183.45,524.82,3578.87,3666.26,371.21
10102,318953.75,2976.99,0,30358.27,2604.58,20.93,103.35,690.9,20.93,170.18,81218.16,254.64,54191.07,54278.46,170.18
10105,140599.95,1388.86,0,13382.41,2604.58,22.64,113.71,327.32,22.64,198.25,37497.9,266.7,27786.59,27873.98,198.25
10108,57755.42,546.58,0,5497.21,2604.58,21.46,140.28,129.71,21.46,183.93,16869.81,292.09,10535.48,10622.87,183.93
10119,46754.14,581.69,0,4450.1,2604.58,29.27,150.89,136.67,29.27,259.45,14518.16,310.52,12043.09,12130.47,259.45
10121,129451.4,1338,0,12321.29,2604.58,23.97,115.3,315.65,23.97,219.07,34904.08,269.63,28271.25,28358.64,219.07
10141,99586.96,1053.93,0,9478.76,2604.58,24.49,121.33,247.54,24.49,217.86,27504.3,276.18,21608.91,21696.3,217.86
10151,25331.57,288.66,0,2411.08,2604.58,26.44,198,67.96,26.44,236.97,8987.59,354.8,5915.48,6002.86,236.97
10153,83576.04,828.81,0,7954.83,2604.58,22.61,126.35,194.96,22.61,193.1,23343.77,279.31,16050.91,16138.29,193.1
10157,283570.83,2661.24,0,26990.5,2604.58,21.34,104.37,622.33,21.34,192.54,72611.49,256.06,54509.94,54597.33,192.54
10182,62671.56,647.77,0,5965.13,2604.58,23.57,136.74,152.29,23.57,189.69,18216.7,290.67,11800.52,11887.91,189.69
10183,105737.46,1085.03,0,10064.18,2604.58,23.65,119.81,255.13,23.65,206.77,28953.65,273.83,21775.59,21862.98,206.77
10231,200254.52,1793.78,0,19060.38,2604.58,20.07,108.19,418.48,20.07,168.38,51789.75,258.62,33631.44,33718.83,168.38
10250,40985.16,446.31,0,3901,2604.58,25.56,158.73,107.14,25.56,244.31,12896.09,314.65,9925.83,10013.21,244.31
10279,110945.16,1093.13,0,10559.85,2604.58,22.48,118.66,257.52,22.48,190.23,30121.29,271.5,21017.31,21104.69,190.23
103,2087.29,74.62,781.88,194.48,106.87,434.26,144.37,0,434.26,24.43,1459.2,699.09,10.68,51,24.43
104,20472.32,230.3,0,1948.57,2604.58,28.66,222.41,102.79,28.66,253.57,7808.67,381.43,5103.82,5191.21,253.57
105,49959.61,514.87,0,4755.2,2604.58,23.66,147.31,122.12,23.66,198.47,15054.6,301.34,9828.13,9915.52,198.47
10858,3192.38,116.03,1263.58,297.44,106.87,456.17,126.65,0,456.17,18.46,2245.14,703.28,13.6,58.92,18.46
109,2827.05,80.27,695.98,263.4,106.87,290.84,130.98,0,290.84,32.85,1533.03,542.27,49.85,92.88,32.85
10951,56931.09,648.78,0,5418.75,2604.58,26.54,140.93,152.66,26.54,234.18,16955.46,297.82,13245.01,13332.39,234.18
10952,190733.77,1792.38,0,18154.19,2604.58,21.33,108.84,421.1,21.33,187.51,49690.93,260.53,35677.25,35764.63,187.51
10953,127012.85,1202.15,0,12089.18,2604.58,21.52,115.69,283.43,21.52,188.89,33984.24,267.57,23904.53,23991.92,188.89
10954,121372.19,1258.85,0,11552.3,2604.58,24.04,116.64,296.78,24.04,218.69,32896.9,271.04,26455.52,26542.9,218.69
10955,69136.61,683,0,6580.48,2604.58,22.59,132.85,161.9,22.59,195.41,19759.55,285.8,13422.65,13510.03,195.41
10957,86718.57,961.99,0,8253.94,2604.58,25.78,125.22,226,25.78,230.05,24398.27,281.35,19862.48,19949.86,230.05
10967,195468.37,1882.9,0,18604.83,2604.58,22.05,108.51,442.92,22.05,199.88,51001.05,260.92,38983.39,39070.78,199.88
11,754.84,35.97,282.08,70.33,106.87,435.71,234.76,0,435.71,60.93,597.03,790.93,5.72,45.99,60.93
110,5710.31,136.58,1197.98,532.04,106.87,246.12,111.89,0,246.12,38.62,2732.18,478.46,155.04,220.54,38.62
11140,280.99,15.09,117.82,26.18,106.87,489.04,473.53,0,489.04,148.51,304.32,1083.03,1.46,41.73,148.51
113,80254.33,818.26,0,7638.67,2604.58,23.2,127.63,192.31,23.2,184.77,22567.03,281.19,14741.09,14828.48,184.77
114,43059.35,450.27,0,4098.42,2604.58,24.11,155.67,107.3,24.11,205.5,13354.23,310.14,8761.48,8848.87,205.5
11484,3221.58,113.76,1161.48,300.16,106.87,418.76,126.35,0,418.76,19.91,2144.17,665.56,18.61,64.14,19.91
115,18515.21,330.34,1623.74,1725.09,106.87,112.78,98.94,0,112.78,66.48,6150.44,332.18,1053.56,1230.96,66.48
11550,124467.94,1263.34,0,11846.96,2604.58,23.44,116.11,297.84,23.44,210.06,33594.2,269.9,26058.53,26145.92,210.06
11581,96930.51,942.27,0,9225.92,2604.58,22.15,122.05,222.01,22.15,181.85,26612.79,274.56,17539.11,17626.49,181.85
11586,98999.61,968.43,0,9422.86,2604.58,22.26,121.49,227.54,22.26,183.08,27137.02,274.11,18037.29,18124.68,183.08
116,42354.27,726.01,3527.61,3946.2,106.87,107.65,95.69,0,107.65,66.91,13714.28,323.8,2446.81,2833.94,66.91
11606,224363.03,2024.75,0,21355.05,2604.58,20.32,106.79,476.98,20.32,173.07,57765.52,257.46,38743.08,38830.46,173.07
11608,99566.99,1017.86,0,9476.86,2604.58,23.59,121.34,239.37,23.59,210.01,27409.08,275.28,20822.82,20910.2,210.01
11619,85582.76,807.4,0,8145.83,2604.58,21.47,125.61,190.89,21.47,189.16,23744.18,277.44,16101.85,16189.23,189.16
11632,141825.49,1327.21,0,13499.06,2604.58,21.22,113.55,312.81,21.22,184.7,37601.06,265.12,26107.76,26195.15,184.7
11634,71381,783.74,0,6794.1,2604.58,25.52,131.67,184.76,25.52,227.81,20525.32,287.55,16174.07,16261.46,227.81
11637,140876.45,1352.05,0,13408.73,2604.58,21.9,113.67,321.11,21.9,195.11,37462.79,265.93,27399.18,27486.57,195.11
11640,37398.57,453.77,0,3559.63,2604.58,28.57,164.82,107.73,28.57,250.58,12107.98,323.76,9283.82,9371.2,250.58
11677,208116.18,1973.46,0,19808.66,2604.58,21.34,107.7,459.03,21.34,173.97,53984.22,259.39,36119.48,36206.87,173.97
11678,16613.54,233.65,0,1581.29,2604.58,33.97,251.96,92.92,33.97,257.96,6916,416.29,4198.19,4285.57,257.96
11682,74513.09,753.59,0,7092.22,2604.58,23.28,130.14,177.34,23.28,208.47,21145.1,283.78,15446.11,15533.49,208.47
11851,122.03,15.32,100.1,11.37,106.87,977.28,969.01,0,977.28,330.64,252.2,2066.75,0.08,40.35,330.64
11967,148.19,17.1,121.08,13.81,106.87,964.8,814.37,0,964.8,272.11,281.51,1899.64,0.05,40.32,272.11
12,754.84,34.86,272.35,70.33,106.87,420.89,234.76,0,420.89,61.74,585.84,776.11,6.33,46.6,61.74
12017,193.29,12.3,86.02,18.01,106.87,526.96,646.1,0,526.96,211.89,250.02,1293.51,0.69,40.96,211.89
121,14006.31,313.92,2458.84,1304.99,106.87,209.15,100.8,0,209.15,45.48,6028.53,430.42,499.47,637.05,45.48
122,107087.96,1459.9,7231.97,9977.52,106.87,87.32,94.17,0,87.32,69.45,32335.11,301.95,6816.16,7437.76,69.45
123,17997.97,230.99,0,1713.06,2604.58,30.95,239.9,92.69,30.95,239.95,7220.81,401.2,4231.28,4318.67,239.95
12377,139.38,15.56,103.62,12.99,106.87,885.31,859.94,0,885.31,289.35,260.05,1865.71,0.06,40.33,289.35
124,29402.38,589.4,5067.94,2739.46,106.87,202.93,96.81,0,202.93,45.42,12354.81,420.2,1060.74,1335.46,45.42
125,15654.25,280.05,1744.56,1458.53,106.87,137.72,100,0,137.72,60.25,5607.07,358.18,791.12,943.21,60.25
12571,107374.93,1053.22,0,10220.03,2604.58,22.92,119.44,255.42,22.92,232,29283.26,272.72,24823.97,24911.35,232
12579,822.41,20.21,333.36,76.62,106.87,444.45,223.12,0,444.45,55.16,648.08,788.03,5.09,45.36,55.16
12584,600.72,14.55,192.13,55.97,106.87,356.68,271.08,0,356.68,78.23,449.47,748.22,6.72,46.99,78.23
12593,107576.88,1006.53,0,10239.25,2604.58,21.16,119.39,237.47,21.16,183.44,29143.34,270.91,19646.35,19733.74,183.44
126,615.25,40.25,272.95,57.32,106.87,527.76,266.88,0,527.76,69.1,563.02,915.1,2.24,42.51,69.1
12604,76629.56,794.33,0,7293.66,2604.58,23.86,129.17,186.5,23.86,205.88,21715.48,283.38,15689.33,15776.72,205.88
131,16993.83,340.28,2793.73,1583.34,106.87,195.05,99.46,0,195.05,49.34,7051.99,414.97,674.61,838.52,49.34
13129,226461.59,2164.74,0,21554.79,2604.58,21.96,106.68,507.96,21.96,198.79,58653.76,259,44931.81,45019.2,198.79
13173,117565.58,1173.65,0,11189.99,2604.58,23.02,117.34,276.5,23.02,206.18,31826.4,270.71,24152.57,24239.95,206.18
132,11906.07,239.05,1819.11,1109.3,106.87,183.19,102.15,0,183.19,51.17,4831.44,405.8,490.13,609.29,51.17
13200,194906.56,1729.97,0,18551.36,2604.58,19.8,108.54,404.39,19.8,157.64,50423.41,258.71,30637.99,30725.37,157.64
13202,45381.44,770.96,3869.07,4228.24,106.87,109.63,95.53,0,109.63,67.02,14776.72,325.61,2630.75,3041.25,67.02
13206,176447.4,1712.35,0,16794.4,2604.58,22.16,109.94,402.55,22.16,183.35,46310.76,262.46,32264.6,32351.99,183.35
13227,27380.62,332.27,0,2606.11,2604.58,28.34,190.31,78.14,28.34,245.18,9555.86,349,6625.86,6713.24,245.18
13231,75503.21,827.86,0,7186.46,2604.58,25.45,129.68,194.71,25.45,226.23,21554.83,285.48,16993.41,17080.8,226.23
13244,141519.49,1260.32,0,13469.94,2604.58,19.97,113.59,296.54,19.97,165.91,37348.31,263.91,23392.45,23479.84,165.91
13255,266788.33,2339.68,0,25393.12,2604.58,19.59,104.94,547.58,19.59,158.29,68003.03,254.9,42141.81,42229.2,158.29
13263,80739.09,754.97,0,7684.81,2604.58,21.22,127.44,178.1,21.22,185.02,22527.45,279.02,14851.09,14938.48,185.02
133,403.84,36.23,230.38,37.63,106.87,684.3,357.82,0,684.3,100.86,469.49,1162.58,0.46,40.73,100.86
13565,153.58,18.24,128.32,14.31,106.87,988.05,789.08,0,988.05,262.54,291.42,1897.59,0.05,40.32,262.54
13767,2684.71,57.21,471.27,250.14,106.87,205.4,132.98,0,205.4,51.54,1231.85,458.84,96.07,138.37,51.54
13909,76722.15,833.17,0,7302.47,2604.58,25.53,129.13,197.37,25.53,240.11,21866.83,285.01,18334.34,18421.73,240.11
13987,19972.67,345.2,1881.47,1860.88,106.87,119.07,98.52,0,119.07,66.07,6751.84,338.05,1129.31,1319.65,66.07
14,5975.49,124.56,955.43,556.74,106.87,191.46,111.06,0,191.46,49.21,2527.46,422.97,226.34,294.05,49.21
14004,57234.8,596.94,0,5447.65,2604.58,24.13,140.69,141.2,24.13,211.28,16894.33,295.18,12005.35,12092.73,211.28
14037,100286.42,924.55,0,9545.34,2604.58,20.92,121.15,219.27,20.92,180.71,27321.06,272.43,18035.55,18122.93,180.71
14054,6329.02,136.05,1101.66,589.68,106.87,207.32,110.06,0,207.32,46.86,2771.06,437.83,225.88,296.58,46.86
14056,16107.7,305.2,1647.1,1500.77,106.87,129.39,99.81,0,129.39,63.61,5632.08,349.65,868.6,1024.66,63.61
14058,174058.1,1679.33,0,16566.99,2604.58,22.13,110.14,394.78,22.13,194.36,45713,262.63,33742.22,33829.61,194.36
141,40090.55,417.59,0,3815.85,2604.58,23.81,160.15,98.43,23.81,198.39,12601.11,314.32,7866.31,7953.7,198.39
14256,148.11,10.74,86.31,13.8,106.87,676.83,814.75,0,676.83,273.63,238.76,1612.03,0.26,40.53,273.63
14389,1464.03,55.61,675.44,136.41,106.87,527.3,166.17,0,527.3,29.71,1191.62,813.93,3.23,43.5,29.71
14398,1215.48,59.84,784.13,113.25,106.87,731.65,181.1,0,731.65,33.69,1255.85,1033.21,0.68,40.95,33.69
1449,4516.65,68.99,0,429.9,2604.58,36.43,671.84,29.18,36.43,379.17,3787.81,838.63,1625.21,1712.59,379.17
14669,35461.75,361.06,0,3375.28,2604.58,23.49,168.63,86.53,23.49,210.27,11435.59,322.48,7369.25,7456.64,210.27
14692,59865.44,555.72,0,5698.04,2604.58,21.16,138.69,132.22,21.16,183.46,17373.19,290.2,10895.5,10982.88,183.46
14697,192558.26,1715.14,0,18327.85,2604.58,19.99,108.71,403.44,19.99,167.07,49882.49,259.05,32083.45,32170.84,167.07
14701,110533.48,1149.77,0,10520.66,2604.58,24.11,118.74,270.76,24.11,212.96,30199.29,273.21,23451.34,23538.72,212.96
14705,161962.39,1562.65,0,15415.71,2604.58,21.98,111.26,366.93,21.98,189.24,42694.04,263.6,30562.79,30650.17,189.24
14713,67912.77,628.65,0,6463.99,2604.58,21.04,133.53,149.52,21.04,179.48,19350.3,284.93,12101.64,12189.02,179.48
14714,44285.61,564.7,0,4215.14,2604.58,30.08,153.99,131.48,30.08,248.92,13924.9,314.43,10936.01,11023.4,248.92
14718,27335.64,445.65,2595.32,2546.9,106.87,118.59,97.08,0,118.59,66.91,9188.29,336.13,1572.72,1828.91,66.91
14720,38374.67,390.79,0,3652.53,2604.58,23.31,163.05,92.23,23.31,197.12,12154.24,316.73,7476.89,7564.27,197.12
14794,641.13,41.53,351.2,59.74,106.87,632.12,259.87,0,632.12,65.2,649.12,1012.45,1.53,41.8,65.2
14933,6032.8,148.66,2108.53,562.08,106.87,390.33,110.89,0,390.33,21.63,3750.45,621.68,62.28,130.47,21.63
14938,182.54,24.28,162.03,17.01,106.87,1053.48,678.66,0,1053.48,221.1,338.17,1852.61,0.09,40.36,221.1
14944,677.54,37.79,313.15,63.13,106.87,535.13,250.91,0,535.13,63.56,614.19,906.5,2.8,43.07,63.56
1498,17981.29,226.75,0,1711.47,2604.58,30.15,240.03,90.42,30.15,224.42,7202.24,400.54,3948.04,4035.42,224.42
15,5323.7,97.89,609.46,496.02,106.87,141.29,113.25,0,141.29,60.72,1996.38,375,261,323.27,60.72
153,111.81,18.88,114.6,10.42,106.87,1233.41,1049.01,0,1233.41,360.34,268.67,2402.88,0.02,40.29,360.34
1534,38326.57,430.12,0,3647.95,2604.58,25.87,163.14,100.79,25.87,211.76,12240.3,319.37,8028.8,8116.18,211.76
154,20725.71,241.31,0,1972.69,2604.58,29.47,220.85,106.16,29.47,227.19,7889.76,380.68,4621.36,4708.74,227.19
15400,63638.39,615.92,0,6057.15,2604.58,22.26,136.11,146.81,22.26,201.73,18373.82,288.72,12750.22,12837.6,201.73
15419,49787.81,497.73,0,4738.84,2604.58,23.13,147.49,119.02,23.13,204.35,14985.45,300.99,10086.88,10174.27,204.35
15460,106185.22,1047.81,0,10106.79,2604.58,22.87,119.71,248.54,22.87,214.93,28981.86,272.94,22735.19,22822.57,214.93
15461,58732.09,613.44,0,5590.17,2604.58,24.23,139.53,144.84,24.23,214.62,17273.76,294.11,12517.56,12604.94,214.62
15641,124719.1,1270.44,0,11870.86,2604.58,23.6,116.06,296.09,23.6,209.52,33676.9,270.02,26043.66,26131.05,209.52
15719,226660.3,2112.08,0,21573.71,2604.58,21.32,106.67,498.64,21.32,189.83,58556.92,258.35,42938.63,43026.01,189.83
1574,28472.35,330.65,0,2710.02,2604.58,26.93,186.66,77.76,26.93,230.27,9792.82,343.94,6469.03,6556.41,230.27
1580,25880.84,320.61,0,2463.36,2604.58,28.87,195.82,75.05,28.87,237.04,9188.91,355.05,6047.4,6134.79,237.04
1586,18288.3,230.68,0,1740.7,2604.58,31.99,237.6,100.63,31.99,242.6,7314.34,399.95,4349.41,4436.8,242.6
15879,35872.55,399.88,0,3414.38,2604.58,25.99,167.79,94.54,25.99,232.75,11627.46,324.13,8261.86,8349.24,232.75
15886,56926.14,582.83,0,5418.28,2604.58,23.58,140.93,138.09,23.58,193.36,16785.66,294.87,10919.79,11007.17,193.36
15897,49102.53,495.55,0,4673.62,2604.58,23.37,148.22,118.46,23.37,207.76,14826.71,301.95,10114.03,10201.42,207.76
15943,148130.04,1405.71,0,14099.13,2604.58,21.79,112.76,332.9,21.79,199.58,39241.71,264.91,29476.81,29564.2,199.58
15948,112614.98,1072.6,0,10718.78,2604.58,21.8,118.31,254.08,21.8,193.35,30458.29,270.46,21686.75,21774.13,193.35
15966,565480.81,5213.58,0,53822.91,2604.58,21.1,99.79,1237.62,21.1,202.96,142073.38,251.24,114681.23,114768.62,202.96
15970,96143.97,1037.21,0,9151.06,2604.58,24.97,122.27,243.17,24.97,207.89,26689.85,277.6,19899.54,19986.93,207.89
15979,124059.49,1188,0,11808.08,2604.58,21.93,116.18,281.04,21.93,194.81,33305.28,268.46,24080.57,24167.95,194.81
15983,55117.65,568.23,0,5246.14,2604.58,23.85,142.44,134.24,23.85,208.25,16350.14,296.64,11390.75,11478.14,208.25
1609,44058.03,486.59,0,4193.48,2604.58,25.62,154.3,115.03,25.62,214.15,13670.21,310.28,9347.71,9435.1,214.15
1623,81355.63,767.9,0,7743.49,2604.58,21.29,127.2,179.32,21.29,173.96,22685.22,278.84,14065.24,14152.63,173.96
16395,10020.1,162.23,0,953.72,2604.58,38.05,355.12,66.31,38.05,352.25,5245.72,523.52,3442.15,3529.54,352.25
16526,23135.86,303.72,0,2202.09,2604.58,31.31,207.76,71.45,31.31,284.4,8547.09,369.43,6492.39,6579.77,284.4
16941,21757.03,408.21,2451.46,2027.13,106.87,139.91,98.08,0,139.91,60.81,7798.86,358.45,1116.84,1323.13,60.81
16953,48278.8,513.39,0,4595.21,2604.58,24.68,149.13,120.97,24.68,211.15,14685.02,304.17,10106.76,10194.15,211.15
1697,241.89,28.67,183.17,22.54,106.87,904.54,535.01,0,904.54,167.31,377.34,1560.01,0.2,40.47,167.31
17,754.85,36.33,285.29,70.33,106.87,440.61,234.76,0,440.61,60.68,600.73,795.83,5.54,45.81,60.68
1700,40048.93,653.48,3057.49,3731.41,106.87,99.43,95.84,0,99.43,70.59,12644.61,315.73,2458.51,2827.15,70.59
1709,75127.34,741.43,0,7150.68,2604.58,22.41,129.85,173.18,22.41,181.25,21231.97,282.61,13529.53,13616.92,181.25
17163,11660.55,174.62,0,1109.86,2604.58,35.23,318.55,72.02,35.23,336.73,5645.33,484.14,3839.1,3926.49,336.73
173,8670.61,181.35,1045.28,807.85,106.87,150.83,105.5,0,150.83,57.39,3266.96,376.79,406.66,497.6,57.39
1755,21690.6,225.12,0,2064.53,2604.58,25.94,215.26,99.1,25.94,206.21,8059.34,371.56,4385.34,4472.73,206.21
1779,90214.74,851.03,0,8586.71,2604.58,21.42,124.05,202.29,21.42,189.13,24884.15,275.83,16974.54,17061.92,189.13
18,754.85,35.1,274.39,70.33,106.87,424.02,234.76,0,424.02,61.56,588.2,779.23,6.2,46.46,61.56
19,7470.48,217.2,1600.08,696.03,106.87,258.61,107.48,0,258.61,32.99,3634.73,486.55,165.92,246.43,32.99
197,1687.97,41.08,565.48,157.27,106.87,372.28,156.49,0,372.28,35.39,1095.88,649.23,19.47,59.74,35.39
2,313.14,13.15,104.53,29.18,106.87,388.02,434.47,0,388.02,138.89,295.28,942.95,3.22,43.49,138.89
20,57765.85,651.92,0,5498.2,2604.58,26.68,140.27,157.13,26.68,259.81,17173.97,297.3,14920.54,15007.93,259.81
204,9716.95,186.01,1069.07,905.34,106.87,137.75,104.17,0,137.75,61.16,3521.19,362.38,494.21,594.28,61.16
21,754.83,36.61,287.66,70.33,106.87,444.24,234.76,0,444.24,60.49,603.45,799.45,5.39,45.66,60.49
211,213532.77,2684.9,12350.97,19895.11,106.87,76.16,93.67,0,76.16,69.05,61986.23,290.29,14006.46,14745.31,69.05
22,754.84,35.1,274.39,70.33,106.87,424.02,234.76,0,424.02,61.56,588.2,779.24,6.19,46.46,61.56
220,15853.6,344.52,2607.86,1477.1,106.87,197.89,99.91,0,197.89,46.26,6630.95,418.26,579.6,733.44,46.26
2248,668.45,17.69,223.03,62.28,106.87,373.92,253.06,0,373.92,70.23,499.62,747.44,6.67,46.94,70.23
2251,13851.12,171.46,0,1318.36,2604.58,29.87,283.22,69.41,29.87,251.79,6142.33,443.45,3400.24,3487.63,251.79
23,277.11,30.17,197.91,25.82,106.87,852.8,478.84,0,852.8,145.82,402.4,1452.1,0.14,40.41,145.82
24,754.84,35.14,274.72,70.33,106.87,424.52,234.76,0,424.52,61.54,588.58,779.74,6.18,46.45,61.54
25,754.85,35.41,277.03,70.33,106.87,428.05,234.76,0,428.05,61.32,591.25,783.27,6.02,46.29,61.32
257,6776.35,145.62,1215.98,631.36,106.87,212.49,108.94,0,212.49,45.1,2994.43,441.89,231.11,305.63,45.1
2726,7364.05,151,852.09,686.12,106.87,145.35,107.68,0,145.35,59.68,2750.46,373.5,359.86,439.47,59.68
273,4714.76,91.02,499.44,439.28,106.87,133.09,115.84,0,133.09,64.6,1741.6,369.39,247.33,304.57,64.6
2861,14018.56,260.49,1531.98,1306.13,106.87,135.72,100.8,0,135.72,63.15,5004.31,356.98,747.57,885.24,63.15
2868,2754.89,57.64,544.35,256.68,106.87,230.37,131.97,0,230.37,46.63,1330.04,482.79,85.81,128.46,46.63
29,212.72,15.84,130.23,19.82,106.87,707.89,595.58,0,707.89,190.84,302.91,1423.93,0.33,40.6,190.84
30,202.21,16.81,140.73,18.84,106.87,802.54,621.72,0,802.54,200.16,312.35,1544.72,0.2,40.47,200.16
305,23923.18,308.38,0,2277.03,2604.58,30.11,204.05,72.34,30.11,242.48,8720.5,364.52,5713.58,5800.97,242.48
31,321.52,28.32,186.16,29.96,106.87,691.73,425.58,0,691.73,126.43,397.96,1237.77,0.38,40.65,126.43
32,11525.83,243.75,1712.89,1073.88,106.87,179.76,102.44,0,179.76,50.56,4641.05,402.66,466.88,582.74,50.56
3225,97337.06,1204.84,0,9264.62,2604.58,28.92,121.94,279.97,28.92,236.63,27372.67,281.22,22945.56,23032.94,236.63
323,3632.11,73.88,549.13,338.41,106.87,181.94,122.6,0,181.94,53.79,1543.63,425,146.7,195.35,53.79
3283,1638.39,36.32,350.72,152.65,106.87,246.31,158.4,0,246.31,50.69,860.44,525.18,42.79,83.06,50.69
3296,40644.52,714.65,4135.01,3786.9,106.87,127.06,95.8,0,127.06,63.39,13954.09,343.32,2203.17,2576.64,63.39
329702,222535.19,2176.73,0,21181.08,2604.58,22.2,106.88,506.42,22.2,185.03,57734.03,259.44,41088.8,41176.18,185.03
33,287.75,18.15,148.93,26.81,106.87,599.07,464.58,0,599.07,142.65,340.73,1184.11,0.78,41.05,142.65
3346,96267.38,1000.66,0,9162.81,2604.58,24.24,122.24,236.45,24.24,232.47,26649.74,276.83,22291.52,22378.91,232.47
3353,11330.45,152.52,0,1078.44,2604.58,32.68,325.06,61.07,32.68,257.9,5530.27,488.09,2834.75,2922.14,257.9
3363,9498.55,200.66,1279.33,884.99,106.87,165.33,104.42,0,165.33,55.8,3706.41,390.21,431.83,529.99,55.8
3372,48280.9,527.98,0,4595.41,2604.58,25.22,149.13,124.12,25.22,203.18,14711.37,304.7,9722.48,9809.86,203.18
3375,12591.04,246.8,1377.74,1173.12,106.87,137.73,101.66,0,137.73,60.51,4530.87,359.85,636.78,761.92,60.51
34,287.76,17.47,143.21,26.81,106.87,576.17,464.58,0,576.17,143.01,334.14,1161.2,0.88,41.15,143.01
3416,43130.38,534.28,0,4105.18,2604.58,29.01,155.57,125.36,29.01,238.84,13583.47,314.94,10213.77,10301.16,238.84
3421,121960.34,1139.59,0,11608.28,2604.58,20.98,116.54,266.48,20.98,168.62,32669.8,267.87,20477.05,20564.43,168.62
3476,75573.74,750.56,0,7193.17,2604.58,22.52,129.64,175.3,22.52,180.77,21351.15,282.52,13574.27,13661.65,180.77
35,777.71,36.9,291.09,72.46,106.87,436.12,230.59,0,436.12,59.4,612.19,787.17,5.93,46.2,59.4
3518,184934.75,1671.26,0,17602.24,2604.58,20.28,109.26,394.23,20.28,170,48064.5,259.9,31351.65,31439.04,170
3553,312.69,41.61,376.51,29.13,106.87,1374.08,434.96,0,1374.08,129.15,603.34,1929.51,0.11,40.38,129.15
36,777.71,34.55,270.25,72.46,106.87,405.3,230.59,0,405.3,61.3,588.23,756.36,7.4,47.67,61.3
3684,1246.94,32.66,612.59,116.18,106.87,533.84,178.88,0,533.84,35.76,1038.93,833.18,4.32,44.59,35.76
37,12836.72,259.87,1601.7,1196.01,106.87,154.05,101.5,0,154.05,57.23,4826.63,376,607.32,734.65,57.23
3713,6121.09,135.55,1338.11,570.31,106.87,252.12,110.63,0,252.12,39.76,2957.76,483.21,174.45,243.4,39.76
3718,411.92,31.17,270.28,38.38,106.87,753.36,352.62,0,753.36,99.1,505.2,1226.45,0.55,40.82,99.1
38,426.33,29.88,249.49,39.72,106.87,675.31,343.85,0,675.31,96.34,485.86,1139.62,0.8,41.07,96.34
39,426.34,29.47,246.02,39.72,106.87,665.96,343.85,0,665.96,96.41,481.88,1130.27,0.83,41.1,96.41
3932,19327.27,227.46,0,1839.58,2604.58,30.37,229.94,100.88,30.37,277.8,7550.53,390.67,5281.67,5369.05,277.8
4,251.16,15.26,122.96,23.4,106.87,568.05,518.7,0,568.05,163.52,303.2,1207.21,0.8,41.07,163.52
41,11190.57,154.54,0,1065.13,2604.58,33.73,327.93,63.88,33.73,264.08,5505.99,492.02,2867.85,2955.24,264.08
419,59710.8,651.63,0,5683.32,2604.58,25.06,138.8,152.71,25.06,196.74,17567.75,294.21,11659.99,11747.37,196.74
45,309.11,26.93,178.5,28.8,106.87,688.96,438.92,0,688.96,131.49,385.88,1248.34,0.38,40.64,131.49
46,51734.1,725,3310.07,4820.13,106.87,84.22,95.24,0,84.22,71.57,15516.08,299.92,3250.01,3702.54,71.57
48,269.96,29.24,192.68,25.15,106.87,851.68,489.06,0,851.68,149.67,394.47,1461.2,0.14,40.41,149.67
49,11572.7,243.25,1696.82,1078.24,106.87,177.54,102.41,0,177.54,51.19,4633.73,400.4,476.14,592.42,51.19
4958,186219.86,1853.09,0,17724.55,2604.58,23.13,109.17,436.62,23.13,217.58,48912.15,262.66,40430.91,40518.3,217.58
5,288.21,17.2,139.65,26.85,106.87,561.75,463.99,0,561.75,143.02,330.35,1146.2,0.95,41.22,143.02
50,223.63,21.95,143.38,20.84,106.87,766.26,571.08,0,766.26,180.82,326.01,1457.8,0.17,40.44,180.82
5099,88732.3,895.65,0,8445.61,2604.58,22.96,124.53,209.99,22.96,185.8,24654.49,277.85,16398.64,16486.03,185.8
51,4257.49,99.29,922.11,396.68,106.87,251.85,118.27,0,251.85,39.08,2088.66,490.58,112.84,166.36,39.08
5100,56739.87,705.76,0,5400.55,2604.58,29.3,141.08,164.67,29.3,255.01,17063.91,300.74,14381.95,14469.34,255.01
5108,23463.31,262.84,0,2233.26,2604.58,28.45,206.19,115.61,28.45,243.68,8564.06,365,5630.05,5717.44,243.68
5113,87173.04,858.51,0,8297.2,2604.58,22.55,125.06,203.29,22.55,200.17,24230.88,277.96,17362.08,17449.46,200.17
5114,226759.69,2108.61,0,21583.17,2604.58,20.88,106.67,489.33,20.88,169.24,58482.04,257.9,38288.68,38376.07,169.24
5133,538351.89,5601.99,0,51240.76,2604.58,24.38,100.02,1339.26,24.38,247.46,137147.96,254.76,133130.72,133218.11,247.46
5152,90138.58,988.34,0,8579.46,2604.58,25.27,124.08,231.16,25.27,207.79,25212.22,279.71,18642.29,18729.67,207.79
5153,54238.02,687.62,0,5162.42,2604.58,29.79,143.2,160.73,29.79,250.89,16452.87,303.35,13520.21,13607.59,250.89
5160,64306.58,705.06,0,6120.75,2604.58,25.24,135.68,165.32,25.24,203.85,18731.22,291.28,13021.67,13109.06,203.85
5172,68877.34,716.86,0,6555.8,2604.58,24.19,133,169.42,24.19,227.26,19804.87,287.54,15565.76,15653.15,227.26
5178,46214.38,496,0,4398.72,2604.58,24.88,151.54,117.47,24.88,224.98,14177.45,306.78,10309.88,10397.27,224.98
5187,49671.04,608.87,0,4727.73,2604.58,28.6,147.62,142.19,28.6,233.33,15228.01,306.58,11502.24,11589.63,233.33
52,65038.67,663.11,0,6190.43,2604.58,23.21,135.23,156.8,23.21,178.32,18783.02,288.8,11510.41,11597.79,178.32
5277,40999.55,432.06,0,3902.37,2604.58,24.38,158.71,103.19,24.38,219.17,12851.23,313.45,8898.66,8986.05,219.17
53,4424.07,103.28,931.38,412.2,106.87,245.75,117.33,0,245.75,40.14,2139.19,483.53,122.71,177.56,40.14
5347,398666.41,3638.79,0,37945.38,2604.58,20.56,101.71,857.94,20.56,182.19,100716.17,252.63,72544.58,72631.96,182.19
55,35773.8,369.37,0,3404.98,2604.58,23.56,167.99,87.97,23.56,192.78,11515.77,321.91,6809.12,6896.51,192.78
56,150984.79,1421.09,0,14370.85,2604.58,21.29,112.43,338.1,21.29,183.21,39872.46,264.08,27573.95,27661.33,183.21
57,164.32,12.65,87.79,15.31,106.87,632.46,743.58,0,632.46,246.91,245.9,1496.5,0.3,40.57,246.91
5845,2680.74,60.1,518.04,249.77,106.87,228.21,133.04,0,228.21,47.11,1291.33,481.71,84.01,126.29,47.11
59,261.21,17.15,118.49,24.34,106.87,538.44,502.32,0,538.44,157.55,303.33,1161.21,0.88,41.15,157.55
5914,134.91,8.06,57.92,12.57,106.87,506.14,885.37,0,506.14,302.73,203.98,1511.97,0.57,40.84,302.73
599,9866.64,205.71,1391.71,919.29,106.87,171.8,104,0,171.8,53.38,3909.76,396.26,425.3,526.65,53.38
603,177629.75,1608.37,0,16906.94,2604.58,20.37,109.84,381.76,20.37,175.59,46284.93,260.57,31102.73,31190.12,175.59
6077,119099.21,1207.16,0,11335.96,2604.58,23.46,117.05,285.99,23.46,217.46,32259.61,270.86,25811.83,25899.21,217.46
61,3319.28,76.92,591.14,309.26,106.87,213.5,125.37,0,213.5,47.27,1524.64,459.33,110.65,156.9,47.27
620,414615.57,3400.91,0,39463.44,2604.58,18.26,101.46,795.16,18.26,151.03,103689.22,250.09,62530.34,62617.72,151.03
6213,33456.85,377.93,0,3184.45,2604.58,26.19,173.03,89.71,26.19,231.37,11026.66,329.58,7653.6,7740.99,231.37
6229,109508.18,1029.72,0,10423.07,2604.58,21.28,118.97,242.58,21.28,183.94,29632.88,270.6,20055.65,20143.04,183.94
6281,20591.53,380.3,2079.54,1918.54,106.87,127.38,98.36,0,127.38,63.96,7128.7,346.2,1121.29,1317.14,63.96
6291,140929.95,1322.96,0,13413.82,2604.58,21.26,113.66,312.61,21.26,183.37,37385.98,265.28,25755.58,25842.96,183.37
6343,120810.32,1147.49,0,11498.82,2604.58,21.55,116.74,271.47,21.55,188.09,32455.17,268.65,22635.87,22723.26,188.09
64,163.43,14.25,105.64,15.23,106.87,758.54,747.13,0,758.54,247.54,265.75,1626.13,0.18,40.45,247.54
643,181.54,28.87,179.5,16.91,106.87,1185.77,681.89,0,1185.77,222.07,360.92,1988.13,0.04,40.31,222.07
655,119167.37,1280.25,0,11342.44,2604.58,24.65,117.04,299,24.65,195.6,32419.16,272.05,23221.38,23308.77,195.6
656,19623.22,225.74,0,1867.75,2604.58,29.16,227.91,99.29,29.16,230.31,7602.64,387.43,4432.11,4519.49,230.31
657,1561.25,32.59,320.78,145.46,106.87,235.65,161.63,0,235.65,54.16,808.31,517.73,44.29,84.56,54.16
661,23262.74,263.55,0,2214.17,2604.58,28.5,207.14,115.04,28.5,216.07,8514.32,366.01,4938.96,5026.35,216.07
665,100071.74,1084.17,0,9524.91,2604.58,24.76,121.21,252.96,24.76,194.21,27652.57,276.33,19347.46,19434.84,194.21
668,71988.57,789.35,0,6851.93,2604.58,25.14,131.36,184.41,25.14,200.19,20650.87,286.86,14324.33,14411.71,200.19
671,46857.05,597.04,0,4459.89,2604.58,30.04,150.77,140.41,30.04,252.99,14580.39,311.17,11766.9,11854.28,252.99
675,19644.48,381.01,2926.03,1830.3,106.87,177.98,98.61,0,177.98,51.65,7799.9,397.05,827.25,1014.7,51.65
68,6803.81,144.17,945.76,633.92,106.87,169.84,108.88,0,169.84,54.28,2715.94,399.18,294.58,369.34,54.28
6823,1744.27,61.56,794.13,162.52,106.87,510.1,154.44,0,510.1,25.83,1369.26,785,4.78,45.05,25.83
6854,1370.27,64.78,794.53,127.67,106.87,660.71,171.17,0,660.71,30.36,1304.96,952.34,1.34,41.61,30.36
6855,579.31,39.52,331.67,53.98,106.87,660.5,277.66,0,660.5,71.62,613.27,1058.62,1.22,41.49,71.62
70,85153.09,1146.58,5948.23,7933.82,106.87,89.8,94.43,0,89.8,69.9,25945.07,304.69,5379.34,5952.32,69.9
7043,344360.91,3180.17,0,32776.54,2604.58,20.94,102.74,742.8,20.94,186.46,87481.01,254.04,64121.17,64208.56,186.46
71,10589.69,140.71,0,1007.94,2604.58,32.18,341.14,57.06,32.18,247.57,5333.73,503.67,2534.28,2621.66,247.57
7192,86599.51,909.51,0,8242.61,2604.58,24.32,125.26,213.96,24.32,216.9,24242.25,279.94,18696.05,18783.44,216.9
7196,28315.08,447.24,2009.68,2638.15,106.87,93.03,96.95,0,93.03,72.62,8789.94,310.43,1791.36,2056.32,72.62
72,370.72,31.24,207.78,34.54,106.87,668.67,381.46,0,668.67,110.05,433.96,1170.59,0.53,40.8,110.05
7200,138949.92,1442.52,0,13225.36,2604.58,23.77,113.93,336.95,23.77,197.82,37245.75,268.05,27400.21,27487.6,197.82
7236,60296.52,652.74,0,5739.07,2604.58,25.03,138.38,154.11,25.03,219.43,17713.06,293.77,13143.33,13230.72,219.43
7239,45468.04,463.81,0,4327.68,2604.58,23.46,152.46,110.62,23.46,200.86,13925.85,306.28,9045.48,9132.87,200.86
7240,14235.17,246.41,1235.61,1326.31,106.87,111.4,100.68,0,111.4,67.96,4733.77,332.54,827.82,967.4,67.96
7254,39508.94,421.65,0,3760.49,2604.58,25,161.1,101.78,25,240.35,12503.16,316.46,9408.62,9496,240.35
7297,82099.27,831.41,0,7814.27,2604.58,23.04,126.91,195.22,23.04,188.62,23013.01,280.31,15398.47,15485.86,188.62
7319,83361.25,835.5,0,7934.39,2604.58,22.93,126.43,197.16,22.93,200.61,23317.08,279.71,16635.67,16723.05,200.61
7336,171187.34,1612.75,0,16293.75,2604.58,21.42,110.4,383.74,21.42,193.78,44880.81,262.17,33085.42,33172.81,193.78
74,14361.41,178.71,0,1366.93,2604.58,29.84,276.54,72.23,29.84,227.18,6272.16,436.74,3175.26,3262.64,227.18
75,4766.52,109.14,994.14,444.1,106.87,243.07,115.59,0,243.07,40.43,2283.74,479.12,135.05,192.69,40.43
76,4209.18,101.2,858.59,392.17,106.87,239.93,118.56,0,239.93,40.82,2015.99,478.95,118.67,171.83,40.82
77,386.18,31.9,212.52,35.98,106.87,656.48,369.92,0,656.48,105.81,442.89,1146.86,0.59,40.86,105.81
78,11964.42,250.05,1734.01,1114.74,106.87,175.66,102.1,0,175.66,51.72,4764.53,398.23,499.18,618.85,51.72
79,148735.55,1753.85,13129.76,13857.87,106.87,107.32,93.89,0,107.32,60.43,47843.54,321.67,8306.51,8988.19,60.43
8063,52113.85,572.51,0,4960.24,2604.58,25.56,145.16,135.82,25.56,231.51,15690.42,301.08,11977.61,12065,231.51
8117,24590.49,264.73,0,2340.54,2604.58,27.1,201.1,116.31,27.1,227.13,8817.21,358.56,5497.96,5585.34,227.13
82,13307.54,180.46,0,1266.62,2604.58,31.55,290.9,75.35,31.55,294.42,6025.74,452.81,3830.67,3918.06,294.42
8330,54489.63,547.18,0,5186.37,2604.58,23.04,142.98,129.98,23.04,199.4,16149.75,296.38,10778.05,10865.43,199.4
8340,2521.97,126.52,1352.73,234.97,106.87,619.29,135.55,0,619.29,17.71,2207.48,875.3,3.12,44.67,17.71
8398,38841.21,395.36,0,3696.94,2604.58,23.17,162.24,93.01,23.17,195.31,12264.66,315.76,7498.62,7586.01,195.31
84,3563.75,69.94,435.56,332.04,106.87,150.99,123.16,0,150.99,59.52,1406.28,394.61,163.99,212.1,59.52
8402,114271.93,1230.76,0,10876.49,2604.58,24.94,117.97,288.7,24.94,220.94,31227.26,273.27,25159.35,25246.74,220.94
8403,72397.38,816.79,0,6890.84,2604.58,26.26,131.16,191.68,26.26,235.14,20834.19,287.78,16935.96,17023.34,235.14
8440,179723.14,1666.78,0,17106.19,2604.58,20.92,109.67,390.59,20.92,179.12,46899.25,260.95,32104.96,32192.35,179.12
8472,125306.64,1166.19,0,11926.78,2604.58,20.98,115.97,274.38,20.98,178.77,33495.38,267.31,22313.55,22400.94,178.77
8487,214475.04,1975.12,0,20413.9,2604.58,20.76,107.32,463.12,20.76,179.47,55428.54,258.44,38405.19,38492.58,179.47
8495,139.96,12.37,91.28,13.04,106.87,765.69,856.77,0,765.69,288.78,243.94,1742.92,0.15,40.42,288.78
8547,2985.71,137.1,1401.1,278.18,106.87,544.56,128.97,0,544.56,16.8,2370.62,793.99,6.22,50.17,16.8
86,235.84,15.07,110.81,21.97,106.87,552.58,546.34,0,552.58,174.18,287.58,1219.39,0.81,41.08,174.18
87,4034.71,101.22,983.67,375.92,106.87,282.16,119.66,0,282.16,33.77,2107.26,522.28,84.46,136.24,33.77
88,35991.79,604.96,3054.74,3353.4,106.87,109.11,96.14,0,109.11,66.14,11722.9,325.71,2046.54,2380.42,66.14
91,74022.45,745.45,0,7045.52,2604.58,23.13,130.37,176.72,23.13,201.07,21011.44,283.85,14796.01,14883.4,201.07
9170,68363.9,691.68,0,6506.93,2604.58,23.24,133.28,163.76,23.24,202.83,19611.73,286.87,13778.9,13866.29,202.83
9182,205939.86,1943.16,0,19601.52,2604.58,21.4,107.83,453.76,21.4,188.36,53458.92,259.59,38703.56,38790.95,188.36
9193,451433.65,4082.33,0,42967.81,2604.58,20.22,100.95,950.82,20.22,167.1,113547.33,251.53,75346.56,75433.94,167.1
92,10402.42,198.89,990.7,969.21,106.87,122.12,103.45,0,122.12,64.52,3599.45,346.02,565.15,671.18,64.52
9208,15686.07,208.73,0,1493.01,2604.58,32.1,261.23,83.5,32.1,253.91,6645.97,423.69,3895.51,3982.9,253.91
9225,83256.51,784.21,0,7924.42,2604.58,21.25,126.46,183.7,21.25,181.42,23151,278.07,15016.8,15104.19,181.42
9253,35258.34,362.03,0,3355.92,2604.58,23.43,169.05,85.86,23.43,197.03,11382.74,322.84,6859.51,6946.9,197.03
9256,21696.94,232.56,0,2065.13,2604.58,26.85,215.22,102.58,26.85,210.7,8080.56,372.43,4484.19,4571.57,210.7
9257,120683.73,1173.25,0,11486.77,2604.58,22.18,116.76,277.5,22.18,191.97,32499.72,269.3,23080.3,23167.68,191.97
9259,78638.04,833.68,0,7484.83,2604.58,24.51,128.3,196.31,24.51,215.44,22268.01,283.17,16854.02,16941.4,215.44
9307,203684.76,1855.74,0,19386.88,2604.58,20.38,107.97,431.02,20.38,167.65,52694.04,258.7,34060.88,34148.27,167.65
9321,41400.67,684.4,3820.59,3857.35,106.87,116.51,95.75,0,116.51,65.2,13774.75,332.72,2319.74,2699.32,65.2
9325,149309.94,1447.55,0,14211.44,2604.58,21.92,112.62,338.3,21.92,177.9,39552.85,264.9,26474.59,26561.98,177.9
9420,189.07,15.34,108.39,17.62,106.87,677.62,658.42,0,677.62,214.49,275.39,1456.5,0.28,40.55,214.49
9535,1996.72,46.12,397.27,186.04,106.87,234.99,146.7,0,234.99,49.63,1002.64,502.14,58.82,99.09,49.63
9567,800.43,19.88,204.2,74.58,106.87,291.43,226.69,0,291.43,68.14,511.14,638.58,14.27,54.54,68.14
9601,209583.13,1950.12,0,19948.29,2604.58,21.04,107.61,455.08,21.04,183.38,54282.21,259,38346.98,38434.36,183.38
9604,7713.67,139.66,0,734.19,2604.58,45.12,432.84,56.09,45.12,363.81,4692.32,608.31,2718.95,2806.33,363.81
9608,80476.08,799.12,0,7659.78,2604.58,22.86,127.55,189.47,22.86,217.41,22594.9,280.77,17408.78,17496.16,217.41
9610,69696.39,749.47,0,6633.76,2604.58,24.87,132.55,175.77,24.87,217.18,20057.34,287.78,15049.33,15136.71,217.18
9620,76241.89,777.88,0,7256.76,2604.58,23.43,129.34,182.76,23.43,202.35,21586.47,283.13,15340.35,15427.74,202.35
9623,75559.13,731.63,0,7191.78,2604.58,22,129.65,172.43,22,187.34,21308.63,282.01,14067.53,14154.91,187.34
9625,20465.59,284.21,0,1947.93,2604.58,35.82,222.45,123.4,35.82,291.76,7953.45,388.63,5883.63,5971.01,291.76
9655,21747.44,266.98,0,2069.94,2604.58,31.19,214.95,116.43,31.19,249.22,8187.78,376.49,5332.51,5419.9,249.22
9776,46534.27,555.43,0,4429.17,2604.58,28.06,151.15,130.89,28.06,258.21,14405.62,309.57,11928.27,12015.66,258.21
99,605.45,15.06,202.08,56.41,106.87,372.17,269.69,0,372.17,77.32,461.54,762.32,6.54,46.81,77.32
9923,128864.61,1253.93,0,12265.44,2604.58,22.08,115.39,294.07,22.08,183.16,34513.83,267.83,23515.62,23603,183.16
